PRAGMA foreign_keys=OFF;
BEGIN TRANSACTION;
CREATE TABLE IF NOT EXISTS "django_migrations" ("id" integer NOT NULL PRIMARY KEY AUTOINCREMENT, "app" varchar(255) NOT NULL, "name" varchar(255) NOT NULL, "applied" datetime NOT NULL);
INSERT INTO django_migrations VALUES(1,'contenttypes','0001_initial','2025-02-18 19:59:12.335507');
INSERT INTO django_migrations VALUES(2,'auth','0001_initial','2025-02-18 19:59:12.449608');
INSERT INTO django_migrations VALUES(3,'admin','0001_initial','2025-02-18 19:59:12.556607');
INSERT INTO django_migrations VALUES(4,'admin','0002_logentry_remove_auto_add','2025-02-18 19:59:12.616486');
INSERT INTO django_migrations VALUES(5,'admin','0003_logentry_add_action_flag_choices','2025-02-18 19:59:12.680824');
INSERT INTO django_migrations VALUES(6,'contenttypes','0002_remove_content_type_name','2025-02-18 19:59:12.752205');
INSERT INTO django_migrations VALUES(7,'auth','0002_alter_permission_name_max_length','2025-02-18 19:59:12.810339');
INSERT INTO django_migrations VALUES(8,'auth','0003_alter_user_email_max_length','2025-02-18 19:59:12.875064');
INSERT INTO django_migrations VALUES(9,'auth','0004_alter_user_username_opts','2025-02-18 19:59:12.938213');
INSERT INTO django_migrations VALUES(10,'auth','0005_alter_user_last_login_null','2025-02-18 19:59:12.993388');
INSERT INTO django_migrations VALUES(11,'auth','0006_require_contenttypes_0002','2025-02-18 19:59:13.042024');
INSERT INTO django_migrations VALUES(12,'auth','0007_alter_validators_add_error_messages','2025-02-18 19:59:13.098920');
INSERT INTO django_migrations VALUES(13,'auth','0008_alter_user_username_max_length','2025-02-18 19:59:13.154855');
INSERT INTO django_migrations VALUES(14,'auth','0009_alter_user_last_name_max_length','2025-02-18 19:59:13.219218');
INSERT INTO django_migrations VALUES(15,'auth','0010_alter_group_name_max_length','2025-02-18 19:59:13.273888');
INSERT INTO django_migrations VALUES(16,'auth','0011_update_proxy_permissions','2025-02-18 19:59:13.337575');
INSERT INTO django_migrations VALUES(17,'auth','0012_alter_user_first_name_max_length','2025-02-18 19:59:13.392338');
INSERT INTO django_migrations VALUES(18,'sessions','0001_initial','2025-02-18 19:59:13.493490');
CREATE TABLE IF NOT EXISTS "auth_group_permissions" ("id" integer NOT NULL PRIMARY KEY AUTOINCREMENT, "group_id" integer NOT NULL REFERENCES "auth_group" ("id") DEFERRABLE INITIALLY DEFERRED, "permission_id" integer NOT NULL REFERENCES "auth_permission" ("id") DEFERRABLE INITIALLY DEFERRED);
CREATE TABLE IF NOT EXISTS "auth_user_groups" ("id" integer NOT NULL PRIMARY KEY AUTOINCREMENT, "user_id" integer NOT NULL REFERENCES "auth_user" ("id") DEFERRABLE INITIALLY DEFERRED, "group_id" integer NOT NULL REFERENCES "auth_group" ("id") DEFERRABLE INITIALLY DEFERRED);
CREATE TABLE IF NOT EXISTS "auth_user_user_permissions" ("id" integer NOT NULL PRIMARY KEY AUTOINCREMENT, "user_id" integer NOT NULL REFERENCES "auth_user" ("id") DEFERRABLE INITIALLY DEFERRED, "permission_id" integer NOT NULL REFERENCES "auth_permission" ("id") DEFERRABLE INITIALLY DEFERRED);
CREATE TABLE IF NOT EXISTS "django_admin_log" ("id" integer NOT NULL PRIMARY KEY AUTOINCREMENT, "object_id" text NULL, "object_repr" varchar(200) NOT NULL, "action_flag" smallint unsigned NOT NULL CHECK ("action_flag" >= 0), "change_message" text NOT NULL, "content_type_id" integer NULL REFERENCES "django_content_type" ("id") DEFERRABLE INITIALLY DEFERRED, "user_id" integer NOT NULL REFERENCES "auth_user" ("id") DEFERRABLE INITIALLY DEFERRED, "action_time" datetime NOT NULL);
INSERT INTO django_admin_log VALUES(1,'1','Employee object (1)',1,'[{"added": {}}]',7,1,'2025-02-18 20:06:46.569243');
INSERT INTO django_admin_log VALUES(2,'2','Employee object (2)',1,'[{"added": {}}]',7,1,'2025-02-18 20:07:26.080215');
CREATE TABLE IF NOT EXISTS "django_content_type" ("id" integer NOT NULL PRIMARY KEY AUTOINCREMENT, "app_label" varchar(100) NOT NULL, "model" varchar(100) NOT NULL);
INSERT INTO django_content_type VALUES(1,'admin','logentry');
INSERT INTO django_content_type VALUES(2,'auth','permission');
INSERT INTO django_content_type VALUES(3,'auth','group');
INSERT INTO django_content_type VALUES(4,'auth','user');
INSERT INTO django_content_type VALUES(5,'contenttypes','contenttype');
INSERT INTO django_content_type VALUES(6,'sessions','session');
INSERT INTO django_content_type VALUES(7,'attendance','employee');
INSERT INTO django_content_type VALUES(8,'attendance','attendance');
CREATE TABLE IF NOT EXISTS "auth_permission" ("id" integer NOT NULL PRIMARY KEY AUTOINCREMENT, "content_type_id" integer NOT NULL REFERENCES "django_content_type" ("id") DEFERRABLE INITIALLY DEFERRED, "codename" varchar(100) NOT NULL, "name" varchar(255) NOT NULL);
INSERT INTO auth_permission VALUES(1,1,'add_logentry','Can add log entry');
INSERT INTO auth_permission VALUES(2,1,'change_logentry','Can change log entry');
INSERT INTO auth_permission VALUES(3,1,'delete_logentry','Can delete log entry');
INSERT INTO auth_permission VALUES(4,1,'view_logentry','Can view log entry');
INSERT INTO auth_permission VALUES(5,2,'add_permission','Can add permission');
INSERT INTO auth_permission VALUES(6,2,'change_permission','Can change permission');
INSERT INTO auth_permission VALUES(7,2,'delete_permission','Can delete permission');
INSERT INTO auth_permission VALUES(8,2,'view_permission','Can view permission');
INSERT INTO auth_permission VALUES(9,3,'add_group','Can add group');
INSERT INTO auth_permission VALUES(10,3,'change_group','Can change group');
INSERT INTO auth_permission VALUES(11,3,'delete_group','Can delete group');
INSERT INTO auth_permission VALUES(12,3,'view_group','Can view group');
INSERT INTO auth_permission VALUES(13,4,'add_user','Can add user');
INSERT INTO auth_permission VALUES(14,4,'change_user','Can change user');
INSERT INTO auth_permission VALUES(15,4,'delete_user','Can delete user');
INSERT INTO auth_permission VALUES(16,4,'view_user','Can view user');
INSERT INTO auth_permission VALUES(17,5,'add_contenttype','Can add content type');
INSERT INTO auth_permission VALUES(18,5,'change_contenttype','Can change content type');
INSERT INTO auth_permission VALUES(19,5,'delete_contenttype','Can delete content type');
INSERT INTO auth_permission VALUES(20,5,'view_contenttype','Can view content type');
INSERT INTO auth_permission VALUES(21,6,'add_session','Can add session');
INSERT INTO auth_permission VALUES(22,6,'change_session','Can change session');
INSERT INTO auth_permission VALUES(23,6,'delete_session','Can delete session');
INSERT INTO auth_permission VALUES(24,6,'view_session','Can view session');
INSERT INTO auth_permission VALUES(25,7,'add_employee','Can add employee');
INSERT INTO auth_permission VALUES(26,7,'change_employee','Can change employee');
INSERT INTO auth_permission VALUES(27,7,'delete_employee','Can delete employee');
INSERT INTO auth_permission VALUES(28,7,'view_employee','Can view employee');
INSERT INTO auth_permission VALUES(29,8,'add_attendance','Can add attendance');
INSERT INTO auth_permission VALUES(30,8,'change_attendance','Can change attendance');
INSERT INTO auth_permission VALUES(31,8,'delete_attendance','Can delete attendance');
INSERT INTO auth_permission VALUES(32,8,'view_attendance','Can view attendance');
CREATE TABLE IF NOT EXISTS "auth_group" ("id" integer NOT NULL PRIMARY KEY AUTOINCREMENT, "name" varchar(150) NOT NULL UNIQUE);
CREATE TABLE IF NOT EXISTS "auth_user" ("id" integer NOT NULL PRIMARY KEY AUTOINCREMENT, "password" varchar(128) NOT NULL, "last_login" datetime NULL, "is_superuser" bool NOT NULL, "username" varchar(150) NOT NULL UNIQUE, "last_name" varchar(150) NOT NULL, "email" varchar(254) NOT NULL, "is_staff" bool NOT NULL, "is_active" bool NOT NULL, "date_joined" datetime NOT NULL, "first_name" varchar(150) NOT NULL);
INSERT INTO auth_user VALUES(1,'pbkdf2_sha256$870000$49XYZTerV7WWeyHRaW60i5$1cF/MDsnMZdwhOf2uf62MxMXXa+1EPaN6VK/on12lsw=','2025-02-18 20:05:41.093813',1,'admin','','admin@mail.com',1,1,'2025-02-18 20:05:22.117232','');
CREATE TABLE IF NOT EXISTS "django_session" ("session_key" varchar(40) NOT NULL PRIMARY KEY, "session_data" text NOT NULL, "expire_date" datetime NOT NULL);
INSERT INTO django_session VALUES('6pqqozathhha8km9esc01zhm9s7tb8pm','.eJxVjMsOwiAQRf-FtSE8KmVcuu83kIEZpGogKe3K-O_apAvd3nPOfYmA21rC1nkJM4mL0OL0u0VMD647oDvWW5Op1XWZo9wVedAup0b8vB7u30HBXr51smh8tt6htYoHA3wmyOyBnXLaGweDIgvGeiAVtVOImcYhJkLOOGrx_gDPejfa:1tkTqf:PWa_nReDO-tsOHffApVb6cz4aw7BnN6x2gzYOROeqxg','2025-03-04 20:05:41.147288');
CREATE TABLE IF NOT EXISTS "attendance_employee" ("id" integer NOT NULL PRIMARY KEY AUTOINCREMENT, "name" varchar(100) NOT NULL, "emp_id" varchar(50) NOT NULL UNIQUE, "image" varchar(100) NOT NULL, "face_encoding" BLOB NULL);
INSERT INTO attendance_employee VALUES(1,'SANDIP MANDAL','001','employees/WIN_20250218_00_36_34_Pro_PF59ne5.jpg',X'00000040d6f9bebf00000080f6b5ba3f000000e0ddfca93f000000a04791bbbf00000040f9b7903f000000a03a7ebcbf0000008010e6afbf000000a01116b8bf000000e0a5a3be3f000000a04d33b4bf000000a04abfca3f000000c0f62f743f000000805920c8bf000000e02b53b4bf00000000824b9dbf0000008031b79a3f00000020449fc0bf000000c0a64fc2bf000000c0285eb0bf000000c0fa51b5bf00000000f30fa0bf000000a0d2d7953f000000e0845ba53f00000000548eae3f000000807d7bc0bf000000e07c1ed5bf00000020bcf1b3bf000000c0d6b6c1bf00000000f87b5e3f000000e0b889bcbf00000080108295bf000000808b45a13f000000a05522c9bf00000080f4fa83bf00000080812d613f000000c03d7fb43f000000c0125e893f000000005556933f000000e0ed49cb3f0000000028aba93f000000603f94c0bf000000a0dbcc803f00000000b02ca83f000000a07edbd33f000000405faac83f000000e00b27a83f0000004009e3853f000000407948adbf00000020e195c33f000000c0c76ac8bf000000200831b53f000000c0677dc13f000000c08f00b33f0000000029f15bbf000000606d23c53f000000c0a74ebebf000000e0f522a93f000000c0898197bf00000060bffbc6bf0000008091a5b13f0000006016c7a13f00000080520e91bf00000080bbe7b1bf000000e0f33e8cbf000000c08ccdc23f00000040ee88b13f00000020dafcb0bf000000207c1db1bf00000020963bc73f000000001dd9cabf00000000a8aa8a3f00000080b3e9c13f00000000e24093bf000000208248c4bf00000020319ec3bf0000008000d7973f0000004019efd83f00000020e3f7c63f00000040bdb7c6bf000000c01ebdaf3f000000c0ee1fb2bf000000c0df7ec1bf000000c084b7be3f00000080013d8abf00000040ac4fc1bf000000402632b53f000000c082e2c1bf000000c097cfac3f00000080aa63cd3f00000080f1fbb33f000000c009d566bf000000c01f85c73f00000080ef96893f00000040d51c983f000000a0d621be3f000000c0e87ba43f000000602197c1bf000000a09ae09bbf000000605313c5bf000000409f1894bf000000809d50ab3f00000060378ec2bf00000080d997b3bf000000e0611aa63f000000c06d11c8bf000000400d63bf3f00000020ecaf9a3f0000004087ecb5bf0000000032acb1bf00000040a3dab43f00000060128bb0bf000000e0824cadbf000000c0b8fcba3f00000020d467cfbf00000080b908c13f000000c0b11ac03f0000008013f581bf0000004032fbc03f00000000c8df8b3f000000409006a03f000000c034fea0bf00000000cf25b0bf00000060a839b4bf000000a0258bc4bf0000008098aa99bf0000006015038b3f00000000ba73b93f000000807bee5d3f');
INSERT INTO attendance_employee VALUES(2,'Test Name','002','employees/modi-india_BNSSAQs.webp',X'00000020d2fec4bf000000c0ff21b93f0000004056e9b43f000000204767b9bf000000209a59a73f000000c0c352b4bf0000000094ab9f3f000000e0cbc9b2bf000000808e35c33f0000008028b8a63f000000a026d1d13f00000000a127a23f000000200976cbbf000000409201bebf00000000d07287bf00000080261ea73f000000a03bb4c4bf000000e0ee2ab6bf0000004087a1bbbf000000a0080bc1bf000000e01184943f00000040a81f9e3f000000c03f6ba93f000000e0ab75813f0000004050aaaebf00000020b686d5bf000000402b82c0bf00000000a5fec5bf000000609592ad3f00000000a6a6b9bf00000080b075b43f000000e0fd0b933f000000607b4bc9bf000000008b80b5bf000000804e1b803f00000080fcb6903f000000a069cc8a3f0000006019c991bf0000002060b0c43f000000e0b210963f000000a0dffbb2bf00000040752a9f3f000000c0fe3d9e3f00000040bbfbce3f00000040ffd3cc3f000000607693b53f00000040cbe6a0bf00000060d2b1babf00000040af62943f000000c05e9ec8bf000000c05681b73f00000000b779c63f00000080a188953f000000c024fbb03f00000060c28ab03f000000009a0ec4bf000000c078789e3f00000000544e4ebf000000e01031cebf00000060ec81a33f000000c0807ea83f0000000051b7c0bf000000806873bebf000000a0b103a4bf000000801933c03f00000060c1cdbe3f000000c0ac1ebfbf00000080c3a4bcbf0000008038b1c83f000000004250bebf000000c08b14903f000000e0192eaf3f000000c093d7bebf000000e072b0c1bf00000040c691c9bf000000a03dbac13f000000201907dc3f000000402736c03f000000200aadc3bf000000404e54a73f000000a09494cbbf00000000f1d49bbf00000020eeab8b3f00000000a64844bf000000409247babf000000e097a7b2bf000000603ba5b5bf000000a09f10a73f00000040a9dda73f000000604271ad3f00000060666da7bf000000e0d424c73f000000a00b86b5bf000000402210b23f00000060f5cfb03f00000040481bb63f000000000e60bcbf00000040f4278c3f00000040bcd7bcbf00000040913d9dbf000000e024cda53f000000603682bebf00000000b6d6603f000000807a84b23f00000040522ac2bf000000c0db54c03f000000009e88ae3f00000080d10da7bf00000040d8a5733f00000040c58c703f0000008051e775bf000000604b2391bf00000080ff61c23f000000407e52d0bf000000200e73d33f000000604cfdc73f000000a000458f3f0000002005c3c73f000000e029a6af3f000000409906bd3f00000040a531aabf000000a06125b1bf000000a0c75ac4bf000000a0d8d4a7bf00000080fec5a2bf000000a07580a73f000000405fd7a13f00000040d872a23f');
CREATE TABLE IF NOT EXISTS "attendance_attendance" ("id" integer NOT NULL PRIMARY KEY AUTOINCREMENT, "time_in" datetime NOT NULL, "time_out" datetime NULL, "user_id" integer NOT NULL REFERENCES "auth_user" ("id") DEFERRABLE INITIALLY DEFERRED, "emp_id" integer NULL);
DELETE FROM sqlite_sequence;
INSERT INTO sqlite_sequence VALUES('django_migrations',20);
INSERT INTO sqlite_sequence VALUES('django_admin_log',2);
INSERT INTO sqlite_sequence VALUES('django_content_type',8);
INSERT INTO sqlite_sequence VALUES('auth_permission',32);
INSERT INTO sqlite_sequence VALUES('auth_group',0);
INSERT INTO sqlite_sequence VALUES('auth_user',1);
INSERT INTO sqlite_sequence VALUES('attendance_employee',2);
INSERT INTO sqlite_sequence VALUES('attendance_attendance',0);
CREATE UNIQUE INDEX "auth_group_permissions_group_id_permission_id_0cd325b0_uniq" ON "auth_group_permissions" ("group_id", "permission_id");
CREATE INDEX "auth_group_permissions_group_id_b120cbf9" ON "auth_group_permissions" ("group_id");
CREATE INDEX "auth_group_permissions_permission_id_84c5c92e" ON "auth_group_permissions" ("permission_id");
CREATE UNIQUE INDEX "auth_user_groups_user_id_group_id_94350c0c_uniq" ON "auth_user_groups" ("user_id", "group_id");
CREATE INDEX "auth_user_groups_user_id_6a12ed8b" ON "auth_user_groups" ("user_id");
CREATE INDEX "auth_user_groups_group_id_97559544" ON "auth_user_groups" ("group_id");
CREATE UNIQUE INDEX "auth_user_user_permissions_user_id_permission_id_14a6b632_uniq" ON "auth_user_user_permissions" ("user_id", "permission_id");
CREATE INDEX "auth_user_user_permissions_user_id_a95ead1b" ON "auth_user_user_permissions" ("user_id");
CREATE INDEX "auth_user_user_permissions_permission_id_1fbb5f2c" ON "auth_user_user_permissions" ("permission_id");
CREATE INDEX "django_admin_log_content_type_id_c4bce8eb" ON "django_admin_log" ("content_type_id");
CREATE INDEX "django_admin_log_user_id_c564eba6" ON "django_admin_log" ("user_id");
CREATE UNIQUE INDEX "django_content_type_app_label_model_76bd3d3b_uniq" ON "django_content_type" ("app_label", "model");
CREATE UNIQUE INDEX "auth_permission_content_type_id_codename_01ab375a_uniq" ON "auth_permission" ("content_type_id", "codename");
CREATE INDEX "auth_permission_content_type_id_2f476e4b" ON "auth_permission" ("content_type_id");
CREATE INDEX "django_session_expire_date_a5c62663" ON "django_session" ("expire_date");
CREATE INDEX "attendance_attendance_user_id_2bd82a2c" ON "attendance_attendance" ("user_id");
COMMIT;
